{
    "type": "FeatureCollection",
    "name": "annotation",
    "crs": {
        "type": "name",
        "properties": {
            "name": "urn:ogc:def:crs:EPSG::2154"
        }
    },
    "features": [
        {
            "type": "Feature",
            "properties": {
                "color": [
                    22,
                    49,
                    227
                ],
                "cliche": "19FD5606Ax00020_16371",
                "patchId": 1,
                "tiles": [
                    {
                        "x": "35",
                        "y": "67",
                        "z": "12"
                    },
                    {
                        "x": "70",
                        "y": "134",
                        "z": "13"
                    },
                    {
                        "x": "140",
                        "y": "268",
                        "z": "14"
                    },
                    {
                        "x": "281",
                        "y": "537",
                        "z": "15"
                    },
                    {
                        "x": "563",
                        "y": "1075",
                        "z": "16"
                    },
                    {
                        "x": "1126",
                        "y": "2150",
                        "z": "17"
                    },
                    {
                        "x": "2253",
                        "y": "4301",
                        "z": "18"
                    },
                    {
                        "x": "4506",
                        "y": "8602",
                        "z": "19"
                    },
                    {
                        "x": "4507",
                        "y": "8602",
                        "z": "19"
                    },
                    {
                        "x": "9012",
                        "y": "17204",
                        "z": "20"
                    },
                    {
                        "x": "9013",
                        "y": "17204",
                        "z": "20"
                    },
                    {
                        "x": "9014",
                        "y": "17204",
                        "z": "20"
                    },
                    {
                        "x": "9012",
                        "y": "17205",
                        "z": "20"
                    },
                    {
                        "x": "9013",
                        "y": "17205",
                        "z": "20"
                    },
                    {
                        "x": "9014",
                        "y": "17205",
                        "z": "20"
                    },
                    {
                        "x": "18026",
                        "y": "34408",
                        "z": "21"
                    },
                    {
                        "x": "18027",
                        "y": "34408",
                        "z": "21"
                    },
                    {
                        "x": "18028",
                        "y": "34408",
                        "z": "21"
                    },
                    {
                        "x": "18029",
                        "y": "34408",
                        "z": "21"
                    },
                    {
                        "x": "18025",
                        "y": "34409",
                        "z": "21"
                    },
                    {
                        "x": "18026",
                        "y": "34409",
                        "z": "21"
                    },
                    {
                        "x": "18027",
                        "y": "34409",
                        "z": "21"
                    },
                    {
                        "x": "18028",
                        "y": "34409",
                        "z": "21"
                    },
                    {
                        "x": "18025",
                        "y": "34410",
                        "z": "21"
                    },
                    {
                        "x": "18026",
                        "y": "34410",
                        "z": "21"
                    },
                    {
                        "x": "18027",
                        "y": "34410",
                        "z": "21"
                    },
                    {
                        "x": "18028",
                        "y": "34410",
                        "z": "21"
                    },
                    {
                        "x": "18025",
                        "y": "34411",
                        "z": "21"
                    },
                    {
                        "x": "18026",
                        "y": "34411",
                        "z": "21"
                    },
                    {
                        "x": "18027",
                        "y": "34411",
                        "z": "21"
                    },
                    {
                        "x": "18028",
                        "y": "34411",
                        "z": "21"
                    }
                ]
            },
            "geometry": {
                "type": "Polygon",
                "coordinates": [
                    [
                        [
                            230772.61032104492,
                            6759574.437865883
                        ],
                        [
                            230734.77814102173,
                            6759576.607453585
                        ],
                        [
                            230748.8804588318,
                            6759562.911931992
                        ],
                        [
                            230727.591381073,
                            6759550.301206589
                        ],
                        [
                            230746.1684741974,
                            6759542.300851822
                        ],
                        [
                            230727.0489845276,
                            6759533.215705872
                        ],
                        [
                            230768.81354308128,
                            6759531.452915192
                        ],
                        [
                            230767.18635225296,
                            6759546.640028
                        ],
                        [
                            230745.08368110657,
                            6759553.826786041
                        ],
                        [
                            230765.55916166306,
                            6759554.775981903
                        ],
                        [
                            230772.61032104492,
                            6759574.437865883
                        ]
                    ]
                ]
            }
        }
    ]
}